ID,Rotacion,Edad,Hijos,a√±o_contrato,Turno_R6D__01,Turno_RG1_2T,Turno_RG1_3T,Turno_RG2_2T,Turno_RG2_3T,Turno_RG3_3T,Turno_T_CENT,Contrato_Contrato Temporal,Contrato_Indeterminado,Contrato_Contrato Temporal.1,Contrato_Indeterminado.1,Funcion_Go-Electric,Funcion_Portavoz,Funcion_Representante Sindical,Funcion_Trabajador,Genero_Femenino,Genero_Masculino
400785,True,51,2,2030,False,False,False,False,False,True,False,False,True,False,True,False,False,False,True,False,True
400785,True,51,2,2030,False,False,False,False,False,True,False,False,True,False,True,False,False,False,True,False,True
400785,True,51,2,2030,False,False,False,False,False,True,False,False,True,False,True,False,False,False,True,False,True
400785,True,51,2,2030,False,False,False,False,False,True,False,False,True,False,True,False,False,False,True,False,True
400785,True,51,2,2030,False,False,False,False,False,True,False,False,True,False,True,False,False,False,True,False,True
400785,True,51,2,2030,False,False,False,False,False,True,False,False,True,False,True,False,False,False,True,False,True
400785,True,51,2,2030,False,False,False,False,False,True,False,False,True,False,True,False,False,False,True,False,True
400785,True,51,2,2030,False,False,False,False,False,True,False,False,True,False,True,False,False,False,True,False,True
400785,True,51,2,2030,False,False,False,False,False,True,False,False,True,False,True,False,False,False,True,False,True
400785,True,51,2,2030,False,False,False,False,False,True,False,False,True,False,True,False,False,False,True,False,True
400785,True,51,2,2030,False,False,False,False,False,True,False,False,True,False,True,False,False,False,True,False,True
400785,True,51,2,2030,False,False,False,False,False,True,False,False,True,False,True,False,False,False,True,False,True
400785,True,51,2,2030,False,False,False,False,False,True,False,False,True,False,True,False,False,False,True,False,True
400785,True,51,2,2030,False,False,False,False,False,True,False,False,True,False,True,False,False,False,True,False,True
400785,True,51,2,2030,False,False,False,False,False,True,False,False,True,False,True,False,False,False,True,False,True
400785,True,51,2,2030,False,False,False,False,False,True,False,False,True,False,True,False,False,False,True,False,True
400785,True,51,2,2030,False,False,False,False,False,True,False,False,True,False,True,False,False,False,True,False,True
400785,True,51,2,2030,False,False,False,False,False,True,False,False,True,False,True,False,False,False,True,False,True
400785,True,51,2,2030,False,False,False,False,False,True,False,False,True,False,True,False,False,False,True,False,True
400785,True,51,2,2030,False,False,False,False,False,True,False,False,True,False,True,False,False,False,True,False,True
400785,True,51,2,2030,False,False,False,False,False,True,False,False,True,False,True,False,False,False,True,False,True
400785,True,51,2,2030,False,False,False,False,False,True,False,False,True,False,True,False,False,False,True,False,True
400785,True,51,2,2030,False,False,False,False,False,True,False,False,True,False,True,False,False,False,True,False,True
400785,True,51,2,2030,False,False,False,False,False,True,False,False,True,False,True,False,False,False,True,False,True
400785,True,51,2,2030,False,False,False,False,False,True,False,False,True,False,True,False,False,False,True,False,True
400785,True,51,2,2030,False,False,False,False,False,True,False,False,True,False,True,False,False,False,True,False,True
400785,True,51,2,2030,False,False,False,False,False,True,False,False,True,False,True,False,False,False,True,False,True
400785,True,51,2,2030,False,False,False,False,False,True,False,False,True,False,True,False,False,False,True,False,True
400785,True,51,2,2030,False,False,False,False,False,True,False,False,True,False,True,False,False,False,True,False,True
400785,True,51,2,2030,False,False,False,False,False,True,False,False,True,False,True,False,False,False,True,False,True
400785,True,51,2,2030,False,False,False,False,False,True,False,False,True,False,True,False,False,False,True,False,True
400785,True,51,2,2030,False,False,False,False,False,True,False,False,True,False,True,False,False,False,True,False,True
400785,True,51,2,2030,False,False,False,False,False,True,False,False,True,False,True,False,False,False,True,False,True
400785,True,51,2,2030,False,False,False,False,False,True,False,False,True,False,True,False,False,False,True,False,True
400785,True,51,2,2030,False,False,False,False,False,True,False,False,True,False,True,False,False,False,True,False,True
400785,True,51,2,2030,False,False,False,False,False,True,False,False,True,False,True,False,False,False,True,False,True
400785,True,51,2,2030,False,False,False,False,False,True,False,False,True,False,True,False,False,False,True,False,True
400785,True,51,2,2030,False,False,False,False,False,True,False,False,True,False,True,False,False,False,True,False,True
400785,True,51,2,2030,False,False,False,False,False,True,False,False,True,False,True,False,False,False,True,False,True
400785,True,51,2,2030,False,False,False,False,False,True,False,False,True,False,True,False,False,False,True,False,True
400785,True,51,2,2030,False,False,False,False,False,True,False,False,True,False,True,False,False,False,True,False,True
400785,True,51,2,2030,False,False,False,False,False,True,False,False,True,False,True,False,False,False,True,False,True
400785,True,51,2,2030,False,False,False,False,False,True,False,False,True,False,True,False,False,False,True,False,True
400785,True,51,2,2030,False,False,False,False,False,True,False,False,True,False,True,False,False,False,True,False,True
400785,True,51,2,2030,False,False,False,False,False,True,False,False,True,False,True,False,False,False,True,False,True
400785,True,51,2,2030,False,False,False,False,False,True,False,False,True,False,True,False,False,False,True,False,True
400785,True,51,2,2030,False,False,False,False,False,True,False,False,True,False,True,False,False,False,True,False,True
400785,True,51,2,2030,False,False,False,False,False,True,False,False,True,False,True,False,False,False,True,False,True
400785,True,51,2,2030,False,False,False,False,False,True,False,False,True,False,True,False,False,False,True,False,True
400785,True,51,2,2030,False,False,False,False,False,True,False,False,True,False,True,False,False,False,True,False,True
400785,True,51,2,2030,False,False,False,False,False,True,False,False,True,False,True,False,False,False,True,False,True
400785,True,51,2,2030,False,False,False,False,False,True,False,False,True,False,True,False,False,False,True,False,True
400785,True,51,2,2030,False,False,False,False,False,True,False,False,True,False,True,False,False,False,True,False,True
400785,True,51,2,2030,False,False,False,False,False,True,False,False,True,False,True,False,False,False,True,False,True
400785,True,51,2,2030,False,False,False,False,False,True,False,False,True,False,True,False,False,False,True,False,True
400785,True,51,2,2030,False,False,False,False,False,True,False,False,True,False,True,False,False,False,True,False,True
400785,True,51,2,2030,False,False,False,False,False,True,False,False,True,False,True,False,False,False,True,False,True
400785,True,51,2,2030,False,False,False,False,False,True,False,False,True,False,True,False,False,False,True,False,True
400785,True,51,2,2030,False,False,False,False,False,True,False,False,True,False,True,False,False,False,True,False,True
400785,True,51,2,2030,False,False,False,False,False,True,False,False,True,False,True,False,False,False,True,False,True
400785,True,51,2,2030,False,False,False,False,False,True,False,False,True,False,True,False,False,False,True,False,True
400785,True,51,2,2030,False,False,False,False,False,True,False,False,True,False,True,False,False,False,True,False,True
400785,True,51,2,2030,False,False,False,False,False,True,False,False,True,False,True,False,False,False,True,False,True
400785,True,51,2,2030,False,False,False,False,False,True,False,False,True,False,True,False,False,False,True,False,True
400785,True,51,2,2030,False,False,False,False,False,True,False,False,True,False,True,False,False,False,True,False,True
400785,True,51,2,2030,False,False,False,False,False,True,False,False,True,False,True,False,False,False,True,False,True
400785,True,51,2,2030,False,False,False,False,False,True,False,False,True,False,True,False,False,False,True,False,True
400785,True,51,2,2030,False,False,False,False,False,True,False,False,True,False,True,False,False,False,True,False,True
400785,True,51,2,2030,False,False,False,False,False,True,False,False,True,False,True,False,False,False,True,False,True
400785,True,51,2,2030,False,False,False,False,False,True,False,False,True,False,True,False,False,False,True,False,True
400785,True,51,2,2030,False,False,False,False,False,True,False,False,True,False,True,False,False,False,True,False,True
400785,True,51,2,2030,False,False,False,False,False,True,False,False,True,False,True,False,False,False,True,False,True
400785,True,51,2,2030,False,False,False,False,False,True,False,False,True,False,True,False,False,False,True,False,True
400785,True,51,2,2030,False,False,False,False,False,True,False,False,True,False,True,False,False,False,True,False,True
400785,True,51,2,2030,False,False,False,False,False,True,False,False,True,False,True,False,False,False,True,False,True
400785,True,51,2,2030,False,False,False,False,False,True,False,False,True,False,True,False,False,False,True,False,True
400785,True,51,2,2030,False,False,False,False,False,True,False,False,True,False,True,False,False,False,True,False,True
400785,True,51,2,2030,False,False,False,False,False,True,False,False,True,False,True,False,False,False,True,False,True
400785,True,51,2,2030,False,False,False,False,False,True,False,False,True,False,True,False,False,False,True,False,True
400785,True,51,2,2030,False,False,False,False,False,True,False,False,True,False,True,False,False,False,True,False,True
400785,True,51,2,2030,False,False,False,False,False,True,False,False,True,False,True,False,False,False,True,False,True
402815,True,38,0,2030,False,False,False,False,True,False,False,False,True,False,True,False,False,False,True,False,True
402815,True,38,0,2030,False,False,False,False,True,False,False,False,True,False,True,False,False,False,True,False,True
402815,True,38,0,2030,False,False,False,False,True,False,False,False,True,False,True,False,False,False,True,False,True
402815,True,38,0,2030,False,False,False,False,True,False,False,False,True,False,True,False,False,False,True,False,True
402815,True,38,0,2030,False,False,False,False,True,False,False,False,True,False,True,False,False,False,True,False,True
402815,True,38,0,2030,False,False,False,False,True,False,False,False,True,False,True,False,False,False,True,False,True
402815,True,38,0,2030,False,False,False,False,True,False,False,False,True,False,True,False,False,False,True,False,True
402815,True,38,0,2030,False,False,False,False,True,False,False,False,True,False,True,False,False,False,True,False,True
402815,True,38,0,2030,False,False,False,False,True,False,False,False,True,False,True,False,False,False,True,False,True
402815,True,38,0,2030,False,False,False,False,True,False,False,False,True,False,True,False,False,False,True,False,True
402815,True,38,0,2030,False,False,False,False,True,False,False,False,True,False,True,False,False,False,True,False,True
402815,True,38,0,2030,False,False,False,False,True,False,False,False,True,False,True,False,False,False,True,False,True
402815,True,38,0,2030,False,False,False,False,True,False,False,False,True,False,True,False,False,False,True,False,True
402815,True,38,0,2030,False,False,False,False,True,False,False,False,True,False,True,False,False,False,True,False,True
402815,True,38,0,2030,False,False,False,False,True,False,False,False,True,False,True,False,False,False,True,False,True
402815,True,38,0,2030,False,False,False,False,True,False,False,False,True,False,True,False,False,False,True,False,True
402815,True,38,0,2030,False,False,False,False,True,False,False,False,True,False,True,False,False,False,True,False,True
402815,True,38,0,2030,False,False,False,False,True,False,False,False,True,False,True,False,False,False,True,False,True
402815,True,38,0,2030,False,False,False,False,True,False,False,False,True,False,True,False,False,False,True,False,True
402815,True,38,0,2030,False,False,False,False,True,False,False,False,True,False,True,False,False,False,True,False,True
402815,True,38,0,2030,False,False,False,False,True,False,False,False,True,False,True,False,False,False,True,False,True
402815,True,38,0,2030,False,False,False,False,True,False,False,False,True,False,True,False,False,False,True,False,True
402815,True,38,0,2030,False,False,False,False,True,False,False,False,True,False,True,False,False,False,True,False,True
402815,True,38,0,2030,False,False,False,False,True,False,False,False,True,False,True,False,False,False,True,False,True
402815,True,38,0,2030,False,False,False,False,True,False,False,False,True,False,True,False,False,False,True,False,True
402815,True,38,0,2030,False,False,False,False,True,False,False,False,True,False,True,False,False,False,True,False,True
402815,True,38,0,2030,False,False,False,False,True,False,False,False,True,False,True,False,False,False,True,False,True
402815,True,38,0,2030,False,False,False,False,True,False,False,False,True,False,True,False,False,False,True,False,True
402815,True,38,0,2030,False,False,False,False,True,False,False,False,True,False,True,False,False,False,True,False,True
402815,True,38,0,2030,False,False,False,False,True,False,False,False,True,False,True,False,False,False,True,False,True
402815,True,38,0,2030,False,False,False,False,True,False,False,False,True,False,True,False,False,False,True,False,True
402815,True,38,0,2030,False,False,False,False,True,False,False,False,True,False,True,False,False,False,True,False,True
402815,True,38,0,2030,False,False,False,False,True,False,False,False,True,False,True,False,False,False,True,False,True
402815,True,38,0,2030,False,False,False,False,True,False,False,False,True,False,True,False,False,False,True,False,True
402815,True,38,0,2030,False,False,False,False,True,False,False,False,True,False,True,False,False,False,True,False,True
402815,True,38,0,2030,False,False,False,False,True,False,False,False,True,False,True,False,False,False,True,False,True
402815,True,38,0,2030,False,False,False,False,True,False,False,False,True,False,True,False,False,False,True,False,True
402815,True,38,0,2030,False,False,False,False,True,False,False,False,True,False,True,False,False,False,True,False,True
402815,True,38,0,2030,False,False,False,False,True,False,False,False,True,False,True,False,False,False,True,False,True
402815,True,38,0,2030,False,False,False,False,True,False,False,False,True,False,True,False,False,False,True,False,True
402815,True,38,0,2030,False,False,False,False,True,False,False,False,True,False,True,False,False,False,True,False,True
402815,True,38,0,2030,False,False,False,False,True,False,False,False,True,False,True,False,False,False,True,False,True
402815,True,38,0,2030,False,False,False,False,True,False,False,False,True,False,True,False,False,False,True,False,True
402815,True,38,0,2030,False,False,False,False,True,False,False,False,True,False,True,False,False,False,True,False,True
402815,True,38,0,2030,False,False,False,False,True,False,False,False,True,False,True,False,False,False,True,False,True
402815,True,38,0,2030,False,False,False,False,True,False,False,False,True,False,True,False,False,False,True,False,True
402815,True,38,0,2030,False,False,False,False,True,False,False,False,True,False,True,False,False,False,True,False,True
402815,True,38,0,2030,False,False,False,False,True,False,False,False,True,False,True,False,False,False,True,False,True
402815,True,38,0,2030,False,False,False,False,True,False,False,False,True,False,True,False,False,False,True,False,True
402815,True,38,0,2030,False,False,False,False,True,False,False,False,True,False,True,False,False,False,True,False,True
402815,True,38,0,2030,False,False,False,False,True,False,False,False,True,False,True,False,False,False,True,False,True
402815,True,38,0,2030,False,False,False,False,True,False,False,False,True,False,True,False,False,False,True,False,True
402815,True,38,0,2030,False,False,False,False,True,False,False,False,True,False,True,False,False,False,True,False,True
402815,True,38,0,2030,False,False,False,False,True,False,False,False,True,False,True,False,False,False,True,False,True
402815,True,38,0,2030,False,False,False,False,True,False,False,False,True,False,True,False,False,False,True,False,True
402815,True,38,0,2030,False,False,False,False,True,False,False,False,True,False,True,False,False,False,True,False,True
402815,True,38,0,2030,False,False,False,False,True,False,False,False,True,False,True,False,False,False,True,False,True
402815,True,38,0,2030,False,False,False,False,True,False,False,False,True,False,True,False,False,False,True,False,True
402815,True,38,0,2030,False,False,False,False,True,False,False,False,True,False,True,False,False,False,True,False,True
402815,True,38,0,2030,False,False,False,False,True,False,False,False,True,False,True,False,False,False,True,False,True
402815,True,38,0,2030,False,False,False,False,True,False,False,False,True,False,True,False,False,False,True,False,True
402815,True,38,0,2030,False,False,False,False,True,False,False,False,True,False,True,False,False,False,True,False,True
402815,True,38,0,2030,False,False,False,False,True,False,False,False,True,False,True,False,False,False,True,False,True
402815,True,38,0,2030,False,False,False,False,True,False,False,False,True,False,True,False,False,False,True,False,True
402815,True,38,0,2030,False,False,False,False,True,False,False,False,True,False,True,False,False,False,True,False,True
402815,True,38,0,2030,False,False,False,False,True,False,False,False,True,False,True,False,False,False,True,False,True
402815,True,38,0,2030,False,False,False,False,True,False,False,False,True,False,True,False,False,False,True,False,True
402815,True,38,0,2030,False,False,False,False,True,False,False,False,True,False,True,False,False,False,True,False,True
402815,True,38,0,2030,False,False,False,False,True,False,False,False,True,False,True,False,False,False,True,False,True
402815,True,38,0,2030,False,False,False,False,True,False,False,False,True,False,True,False,False,False,True,False,True
402815,True,38,0,2030,False,False,False,False,True,False,False,False,True,False,True,False,False,False,True,False,True
402815,True,38,0,2030,False,False,False,False,True,False,False,False,True,False,True,False,False,False,True,False,True
402815,True,38,0,2030,False,False,False,False,True,False,False,False,True,False,True,False,False,False,True,False,True
402815,True,38,0,2030,False,False,False,False,True,False,False,False,True,False,True,False,False,False,True,False,True
402815,True,38,0,2030,False,False,False,False,True,False,False,False,True,False,True,False,False,False,True,False,True
402815,True,38,0,2030,False,False,False,False,True,False,False,False,True,False,True,False,False,False,True,False,True
402815,True,38,0,2030,False,False,False,False,True,False,False,False,True,False,True,False,False,False,True,False,True
402815,True,38,0,2030,False,False,False,False,True,False,False,False,True,False,True,False,False,False,True,False,True
402815,True,38,0,2030,False,False,False,False,True,False,False,False,True,False,True,False,False,False,True,False,True
402815,True,38,0,2030,False,False,False,False,True,False,False,False,True,False,True,False,False,False,True,False,True
402815,True,38,0,2030,False,False,False,False,True,False,False,False,True,False,True,False,False,False,True,False,True
402815,True,38,0,2030,False,False,False,False,True,False,False,False,True,False,True,False,False,False,True,False,True
402815,True,38,0,2030,False,False,False,False,True,False,False,False,True,False,True,False,False,False,True,False,True
402815,True,38,0,2030,False,False,False,False,True,False,False,False,True,False,True,False,False,False,True,False,True
402815,True,38,0,2030,False,False,False,False,True,False,False,False,True,False,True,False,False,False,True,False,True
402815,True,38,0,2030,False,False,False,False,True,False,False,False,True,False,True,False,False,False,True,False,True
402815,True,38,0,2030,False,False,False,False,True,False,False,False,True,False,True,False,False,False,True,False,True
402815,True,38,0,2030,False,False,False,False,True,False,False,False,True,False,True,False,False,False,True,False,True
402815,True,38,0,2030,False,False,False,False,True,False,False,False,True,False,True,False,False,False,True,False,True
402815,True,38,0,2030,False,False,False,False,True,False,False,False,True,False,True,False,False,False,True,False,True
402815,True,38,0,2030,False,False,False,False,True,False,False,False,True,False,True,False,False,False,True,False,True
402815,True,38,0,2030,False,False,False,False,True,False,False,False,True,False,True,False,False,False,True,False,True
402815,True,38,0,2030,False,False,False,False,True,False,False,False,True,False,True,False,False,False,True,False,True
402815,True,38,0,2030,False,False,False,False,True,False,False,False,True,False,True,False,False,False,True,False,True
402815,True,38,0,2030,False,False,False,False,True,False,False,False,True,False,True,False,False,False,True,False,True
402815,True,38,0,2030,False,False,False,False,True,False,False,False,True,False,True,False,False,False,True,False,True
402815,True,38,0,2030,False,False,False,False,True,False,False,False,True,False,True,False,False,False,True,False,True
402815,True,38,0,2030,False,False,False,False,True,False,False,False,True,False,True,False,False,False,True,False,True
402815,True,38,0,2030,False,False,False,False,True,False,False,False,True,False,True,False,False,False,True,False,True
402815,True,38,0,2030,False,False,False,False,True,False,False,False,True,False,True,False,False,False,True,False,True
402815,True,38,0,2030,False,False,False,False,True,False,False,False,True,False,True,False,False,False,True,False,True
402815,True,38,0,2030,False,False,False,False,True,False,False,False,True,False,True,False,False,False,True,False,True
402815,True,38,0,2030,False,False,False,False,True,False,False,False,True,False,True,False,False,False,True,False,True
402815,True,38,0,2030,False,False,False,False,True,False,False,False,True,False,True,False,False,False,True,False,True
402815,True,38,0,2030,False,False,False,False,True,False,False,False,True,False,True,False,False,False,True,False,True
402815,True,38,0,2030,False,False,False,False,True,False,False,False,True,False,True,False,False,False,True,False,True
402815,True,38,0,2030,False,False,False,False,True,False,False,False,True,False,True,False,False,False,True,False,True
402815,True,38,0,2030,False,False,False,False,True,False,False,False,True,False,True,False,False,False,True,False,True
402815,True,38,0,2030,False,False,False,False,True,False,False,False,True,False,True,False,False,False,True,False,True
402815,True,38,0,2030,False,False,False,False,True,False,False,False,True,False,True,False,False,False,True,False,True
402815,True,38,0,2030,False,False,False,False,True,False,False,False,True,False,True,False,False,False,True,False,True
402815,True,38,0,2030,False,False,False,False,True,False,False,False,True,False,True,False,False,False,True,False,True
402815,True,38,0,2030,False,False,False,False,True,False,False,False,True,False,True,False,False,False,True,False,True
402815,True,38,0,2030,False,False,False,False,True,False,False,False,True,False,True,False,False,False,True,False,True
402815,True,38,0,2030,False,False,False,False,True,False,False,False,True,False,True,False,False,False,True,False,True
405103,True,33,1,2030,False,False,False,False,False,True,False,False,True,False,True,False,False,False,True,False,True
405103,True,33,1,2030,False,False,False,False,False,True,False,False,True,False,True,False,False,False,True,False,True
405103,True,33,1,2030,False,False,False,False,False,True,False,False,True,False,True,False,False,False,True,False,True
405103,True,33,1,2030,False,False,False,False,False,True,False,False,True,False,True,False,False,False,True,False,True
405103,True,33,1,2030,False,False,False,False,False,True,False,False,True,False,True,False,False,False,True,False,True
405103,True,33,1,2030,False,False,False,False,False,True,False,False,True,False,True,False,False,False,True,False,True
405103,True,33,1,2030,False,False,False,False,False,True,False,False,True,False,True,False,False,False,True,False,True
405103,True,33,1,2030,False,False,False,False,False,True,False,False,True,False,True,False,False,False,True,False,True
405103,True,33,1,2030,False,False,False,False,False,True,False,False,True,False,True,False,False,False,True,False,True
405103,True,33,1,2030,False,False,False,False,False,True,False,False,True,False,True,False,False,False,True,False,True
405103,True,33,1,2030,False,False,False,False,False,True,False,False,True,False,True,False,False,False,True,False,True
405103,True,33,1,2030,False,False,False,False,False,True,False,False,True,False,True,False,False,False,True,False,True
405103,True,33,1,2030,False,False,False,False,False,True,False,False,True,False,True,False,False,False,True,False,True
405103,True,33,1,2030,False,False,False,False,False,True,False,False,True,False,True,False,False,False,True,False,True
405103,True,33,1,2030,False,False,False,False,False,True,False,False,True,False,True,False,False,False,True,False,True
405103,True,33,1,2030,False,False,False,False,False,True,False,False,True,False,True,False,False,False,True,False,True
405103,True,33,1,2030,False,False,False,False,False,True,False,False,True,False,True,False,False,False,True,False,True
405103,True,33,1,2030,False,False,False,False,False,True,False,False,True,False,True,False,False,False,True,False,True
405103,True,33,1,2030,False,False,False,False,False,True,False,False,True,False,True,False,False,False,True,False,True
405103,True,33,1,2030,False,False,False,False,False,True,False,False,True,False,True,False,False,False,True,False,True
405103,True,33,1,2030,False,False,False,False,False,True,False,False,True,False,True,False,False,False,True,False,True
405103,True,33,1,2030,False,False,False,False,False,True,False,False,True,False,True,False,False,False,True,False,True
405103,True,33,1,2030,False,False,False,False,False,True,False,False,True,False,True,False,False,False,True,False,True
405103,True,33,1,2030,False,False,False,False,False,True,False,False,True,False,True,False,False,False,True,False,True
405103,True,33,1,2030,False,False,False,False,False,True,False,False,True,False,True,False,False,False,True,False,True
405103,True,33,1,2030,False,False,False,False,False,True,False,False,True,False,True,False,False,False,True,False,True
405103,True,33,1,2030,False,False,False,False,False,True,False,False,True,False,True,False,False,False,True,False,True
405103,True,33,1,2030,False,False,False,False,False,True,False,False,True,False,True,False,False,False,True,False,True
405103,True,33,1,2030,False,False,False,False,False,True,False,False,True,False,True,False,False,False,True,False,True
405103,True,33,1,2030,False,False,False,False,False,True,False,False,True,False,True,False,False,False,True,False,True
405103,True,33,1,2030,False,False,False,False,False,True,False,False,True,False,True,False,False,False,True,False,True
405103,True,33,1,2030,False,False,False,False,False,True,False,False,True,False,True,False,False,False,True,False,True
405103,True,33,1,2030,False,False,False,False,False,True,False,False,True,False,True,False,False,False,True,False,True
405103,True,33,1,2030,False,False,False,False,False,True,False,False,True,False,True,False,False,False,True,False,True
405103,True,33,1,2030,False,False,False,False,False,True,False,False,True,False,True,False,False,False,True,False,True
405103,True,33,1,2030,False,False,False,False,False,True,False,False,True,False,True,False,False,False,True,False,True
405103,True,33,1,2030,False,False,False,False,False,True,False,False,True,False,True,False,False,False,True,False,True
405103,True,33,1,2030,False,False,False,False,False,True,False,False,True,False,True,False,False,False,True,False,True
405103,True,33,1,2030,False,False,False,False,False,True,False,False,True,False,True,False,False,False,True,False,True
405103,True,33,1,2030,False,False,False,False,False,True,False,False,True,False,True,False,False,False,True,False,True
405103,True,33,1,2030,False,False,False,False,False,True,False,False,True,False,True,False,False,False,True,False,True
405103,True,33,1,2030,False,False,False,False,False,True,False,False,True,False,True,False,False,False,True,False,True
405103,True,33,1,2030,False,False,False,False,False,True,False,False,True,False,True,False,False,False,True,False,True
405103,True,33,1,2030,False,False,False,False,False,True,False,False,True,False,True,False,False,False,True,False,True
405103,True,33,1,2030,False,False,False,False,False,True,False,False,True,False,True,False,False,False,True,False,True
405103,True,33,1,2030,False,False,False,False,False,True,False,False,True,False,True,False,False,False,True,False,True
405103,True,33,1,2030,False,False,False,False,False,True,False,False,True,False,True,False,False,False,True,False,True
405103,True,33,1,2030,False,False,False,False,False,True,False,False,True,False,True,False,False,False,True,False,True
405103,True,33,1,2030,False,False,False,False,False,True,False,False,True,False,True,False,False,False,True,False,True
405103,True,33,1,2030,False,False,False,False,False,True,False,False,True,False,True,False,False,False,True,False,True
405103,True,33,1,2030,False,False,False,False,False,True,False,False,True,False,True,False,False,False,True,False,True
405103,True,33,1,2030,False,False,False,False,False,True,False,False,True,False,True,False,False,False,True,False,True
405103,True,33,1,2030,False,False,False,False,False,True,False,False,True,False,True,False,False,False,True,False,True
405103,True,33,1,2030,False,False,False,False,False,True,False,False,True,False,True,False,False,False,True,False,True
405103,True,33,1,2030,False,False,False,False,False,True,False,False,True,False,True,False,False,False,True,False,True
405103,True,33,1,2030,False,False,False,False,False,True,False,False,True,False,True,False,False,False,True,False,True
405103,True,33,1,2030,False,False,False,False,False,True,False,False,True,False,True,False,False,False,True,False,True
405103,True,33,1,2030,False,False,False,False,False,True,False,False,True,False,True,False,False,False,True,False,True
405103,True,33,1,2030,False,False,False,False,False,True,False,False,True,False,True,False,False,False,True,False,True
405103,True,33,1,2030,False,False,False,False,False,True,False,False,True,False,True,False,False,False,True,False,True
405103,True,33,1,2030,False,False,False,False,False,True,False,False,True,False,True,False,False,False,True,False,True
405103,True,33,1,2030,False,False,False,False,False,True,False,False,True,False,True,False,False,False,True,False,True
405103,True,33,1,2030,False,False,False,False,False,True,False,False,True,False,True,False,False,False,True,False,True
405103,True,33,1,2030,False,False,False,False,False,True,False,False,True,False,True,False,False,False,True,False,True
405103,True,33,1,2030,False,False,False,False,False,True,False,False,True,False,True,False,False,False,True,False,True
405103,True,33,1,2030,False,False,False,False,False,True,False,False,True,False,True,False,False,False,True,False,True
405103,True,33,1,2030,False,False,False,False,False,True,False,False,True,False,True,False,False,False,True,False,True
405103,True,33,1,2030,False,False,False,False,False,True,False,False,True,False,True,False,False,False,True,False,True
405103,True,33,1,2030,False,False,False,False,False,True,False,False,True,False,True,False,False,False,True,False,True
405103,True,33,1,2030,False,False,False,False,False,True,False,False,True,False,True,False,False,False,True,False,True
405103,True,33,1,2030,False,False,False,False,False,True,False,False,True,False,True,False,False,False,True,False,True
405103,True,33,1,2030,False,False,False,False,False,True,False,False,True,False,True,False,False,False,True,False,True
405103,True,33,1,2030,False,False,False,False,False,True,False,False,True,False,True,False,False,False,True,False,True
405103,True,33,1,2030,False,False,False,False,False,True,False,False,True,False,True,False,False,False,True,False,True
405103,True,33,1,2030,False,False,False,False,False,True,False,False,True,False,True,False,False,False,True,False,True
405103,True,33,1,2030,False,False,False,False,False,True,False,False,True,False,True,False,False,False,True,False,True
405103,True,33,1,2030,False,False,False,False,False,True,False,False,True,False,True,False,False,False,True,False,True
405103,True,33,1,2030,False,False,False,False,False,True,False,False,True,False,True,False,False,False,True,False,True
405103,True,33,1,2030,False,False,False,False,False,True,False,False,True,False,True,False,False,False,True,False,True
405103,True,33,1,2030,False,False,False,False,False,True,False,False,True,False,True,False,False,False,True,False,True
405103,True,33,1,2030,False,False,False,False,False,True,False,False,True,False,True,False,False,False,True,False,True
405103,True,33,1,2030,False,False,False,False,False,True,False,False,True,False,True,False,False,False,True,False,True
405103,True,33,1,2030,False,False,False,False,False,True,False,False,True,False,True,False,False,False,True,False,True
405103,True,33,1,2030,False,False,False,False,False,True,False,False,True,False,True,False,False,False,True,False,True
405103,True,33,1,2030,False,False,False,False,False,True,False,False,True,False,True,False,False,False,True,False,True
405103,True,33,1,2030,False,False,False,False,False,True,False,False,True,False,True,False,False,False,True,False,True
405103,True,33,1,2030,False,False,False,False,False,True,False,False,True,False,True,False,False,False,True,False,True
405103,True,33,1,2030,False,False,False,False,False,True,False,False,True,False,True,False,False,False,True,False,True
405103,True,33,1,2030,False,False,False,False,False,True,False,False,True,False,True,False,False,False,True,False,True
405103,True,33,1,2030,False,False,False,False,False,True,False,False,True,False,True,False,False,False,True,False,True
405103,True,33,1,2030,False,False,False,False,False,True,False,False,True,False,True,False,False,False,True,False,True
405103,True,33,1,2030,False,False,False,False,False,True,False,False,True,False,True,False,False,False,True,False,True
405103,True,33,1,2030,False,False,False,False,False,True,False,False,True,False,True,False,False,False,True,False,True
405103,True,33,1,2030,False,False,False,False,False,True,False,False,True,False,True,False,False,False,True,False,True
405103,True,33,1,2030,False,False,False,False,False,True,False,False,True,False,True,False,False,False,True,False,True
405103,True,33,1,2030,False,False,False,False,False,True,False,False,True,False,True,False,False,False,True,False,True
